objectid;reg;dep;nom_dep;superf;d68_pop;d75_pop;d82_pop;d90_pop;p99_pop;p06_pop;p07_pop;p08_pop;p09_pop;p10_pop;p11_pop;p12_pop;p13_pop;p14_pop;p15_pop;p16_pop;p17_pop;p18_pop;p19_pop;p20_pop;p21_pop
781;24;18;Cher;7234,99;304601;316350;320174;321559;314388;314676;314599;313251;311022;311257;311694;311897;311650;310270;308992;307110;304256;303408;302306;300933;299573
782;22;60;Oise;5860,22;540988;606320;661781;725603;766313;792980;796624;799725;801512;803595;805642;810300;815400;818680;821552;823542;824503;827153;829419;829699;828838
783;82;69;Rhône;3249,12;1326383;1429647;1445208;1508966;1578423;1669653;1677073;1690498;1708671;1725177;1744236;1762866;1779845;1801885;451317;1835903;1843319;1859524;1875747;1883437;1893692
784;82;26;Drôme;6529,95;342891;361847;389781;414072;437817;468611;473428;478069;482984;484715;487993;491334;494712;499159;504637;508006;511553;514732;516762;517709;519458
785;26;89;Yonne;7427,35;283376;299851;311019;323096;333316;340091;341418;342359;343377;342510;342463;341902;341483;341814;340903;340544;338291;337504;335707;334156;333385
786;54;79;Deux-Sèvres;5999,35;325608;335829;342812;345965;344390;359712;362944;365059;366339;369270;370939;371583;371632;373553;374435;374743;374351;374799;374878;374481;374587
787;24;37;Indre-et-Loire;6126,7;437866;478597;506093;529345;553747;580312;583086;585406;588420;590515;593683;596937;600252;603924;604966;606223;606511;607760;610079;612119;612160
788;91;48;Lozère;5166,88;77258;74825;74294;72825;73508;76806;76880;76973;77163;77082;77156;76889;76607;76360;76309;76422;76601;76520;76604;76633;76519
789;72;24;Dordogne;9060,01;374073;373179;377356;386365;388385;404051;406793;409388;412082;414149;415168;416384;416909;416350;415417;414789;413606;413418;413223;412807;413730
790;82;74;Haute-Savoie;4387,8;378550;447795;494505;568286;631963;696254;706708;716277;725794;738088;746994;756501;769677;783127;793938;801416;807360;816699;826094;835206;841482
791;52;53;Mayenne;5175,21;252762;261789;271784;278037;285377;299000;300643;302983;305147;306337;307031;307453;307500;307350;307940;307688;307445;307084;307062;306538;305933
792;11;92;Hauts-de-Seine;175,61;1461619;1438930;1387039;1391658;1428678;1536096;1544411;1549619;1561745;1572490;1581628;1586434;1591403;1597770;1601569;1603268;1609306;1619120;1624357;1626213;1635291
793;83;15;Cantal;5725,98;169330;166549;162838;158723;150772;149684;149057;148737;148380;148162;147577;147415;147035;146618;146219;145969;145143;144765;144692;144379;144226
794;52;85;Vendée;6719,59;421250;450641;483027;509356;539806;597184;607430;616906;626411;634778;641657;648901;655506;662122;666714;670597;675247;679991;685442;692705;699459
795;43;90;Territoire de Belfort;609,44;118450;128125;131999;134097;137384;141201;142444;141958;142461;142911;143348;143940;144318;144334;144483;144089;142622;141852;141318;140120;139654
796;02;972;Martinique;1128;320030;324832;328566;359572;381325;397728;397730;397693;396404;394173;392291;388364;385551;383911;380877;376480;372594;368783;364508;361225;360749
811;25;14;Calvados;5539,18;519716;560967;589559;618478;648299;671342;673667;678303;680908;683105;685262;687854;689945;691670;693579;693679;694002;694056;694905;697547;700633
812;21;51;Marne;8161,58;485226;530399;543627;558217;565153;565840;566491;566010;566145;565307;566571;568750;569999;570817;572293;570883;568895;567462;566855;566659;565292
813;23;27;Eure;6039,85;383385;422952;462254;513818;541263;567223;572105;577087;582822;586543;588111;591616;595043;598347;601948;602825;601843;599962;599507;599668;598934
814;41;54;Meurthe-et-Moselle;5245,91;705554;722693;716964;711943;713555;725303;726592;729768;731019;732207;733124;733266;731004;732153;734403;733821;733481;733469;733760;732590;732486
815;52;49;Maine-et-Loire;7165,6;585563;629849;675321;705882;733213;766655;770777;774823;780082;784810;790343;795557;800191;805835;810186;810934;813493;815883;818273;820713;824743
816;73;82;Tarn-et-Garonne;3718,28;183572;183314;190485;200220;206170;226844;231763;235915;239291;241698;244545;246971;250342;252578;255274;256897;258349;259124;260669;262316;263377
817;26;58;Nièvre;6816,71;247702;245212;239635;233278;225191;222218;221488;220653;220199;219584;218341;216786;215221;213569;211747;209161;207182;205828;204452;202670;202417
818;91;34;Hérault;6101,01;591397;648202;706499;794603;896909;1001037;1011207;1019798;1031974;1044558;1062036;1077627;1092331;1107398;1120190;1132481;1144892;1159220;1175623;1188973;1201883
819;24;45;Loiret;6775,23;430629;490189;535669;580612;618086;645324;647733;650769;653510;656105;659587;662297;665587;669737;673349;674330;678105;678845;680434;682304;684561
820;11;91;Essonne;1804,4;673325;923063;988000;1084824;1134026;1198274;1201994;1205850;1208004;1215340;1225191;1237507;1253931;1268228;1276233;1287330;1296130;1296641;1301659;1306118;1313768
821;82;01;Ain;5762,39;339262;376477;418516;471019;515478;566743;574377;581355;588853;597341;603827;612191;619497;626127;631877;638425;643350;647634;652432;657856;663202
822;72;64;Pyrénées-Atlantiques;7644,76;508734;534748;555696;578516;600197;636845;643090;647420;650356;653515;656608;660871;664057;667249;670032;673986;677309;679810;682621;687240;693027
823;11;93;Seine-Saint-Denis;236,2;1249606;1322127;1324301;1381197;1382928;1491972;1502340;1506466;1515983;1522048;1529928;1538726;1552482;1571028;1592663;1606660;1623111;1632677;1644903;1655422;1668670
824;93;05;Hautes-Alpes;5548,68;91790;97358;105070;113300;121631;130749;132482;134205;135836;136971;138605;139554;139279;139883;140916;141107;141284;140698;141220;140605;140976
825;24;36;Indre;6790,63;247178;248523;243191;237510;231061;232959;232799;232004;232268;231176;230175;228692;228091;226175;224200;223505;222232;220595;219316;218707;217228
826;24;41;Loir-et-Cher;6343,44;267900;283690;296224;305937;314933;325183;326291;326599;327868;330079;331280;331656;332001;333567;333050;332769;331915;330248;329470;329357;328504
827;94;2B;Haute-Corse;4665,57;115702;125284;131574;131563;141591;158400;159847;162013;164344;166093;168640;170828;170974;172560;174553;176152;177689;180701;181933;182887;184655
828;21;52;Haute-Marne;6210,6;214340;212304;210670;204067;194826;187654;187407;186470;185214;184039;182375;182136;181521;180673;179154;178084;175640;174069;172512;171798;171042
829;82;42;Loire;4780,59;722443;742396;739521;746288;728870;741264;740668;742076;746115;748947;749053;753763;756715;757305;759411;761997;762941;763441;765634;768508;769029
830;25;61;Orne;6103,38;288503;293523;295472;293204;292411;292874;292609;292282;292210;291642;290891;290015;288848;287750;286618;285308;283372;281593;279942;278475;276973
831;26;71;Saône-et-Loire;8574,69;550364;569810;571852;559413;544891;549359;551842;553968;554720;555663;555999;555039;556222;555788;555408;555023;553595;552185;551493;551063;549288
832;83;03;Allier;7340,11;386533;378406;369580;357710;344615;343310;343114;342807;343046;342908;342729;342911;343431;343062;341613;339384;337988;337171;335975;335628;334872
833;31;62;Pas-de-Calais;6671,35;1397099;1402295;1412413;1433203;1441422;1453390;1456726;1459531;1461257;1461387;1462807;1463628;1465205;1472589;1472648;1470725;1468018;1466743;1465278;1462167;1461441
834;93;13;Bouches-du-Rhône;5087,49;1470271;1632974;1724199;1759371;1835407;1937403;1958926;1966005;1967299;1972018;1975896;1984784;1993177;2006069;2016622;2019717;2024162;2034357;2043110;2048070;2056943
835;72;40;Landes;9242,6;277381;288323;297424;311461;327443;362825;367492;373142;379341;384320;387929;392884;397226;400477;403234;405010;407444;410355;413690;418122;422976
836;82;07;Ardèche;5528,64;256927;257065;267970;277581;286160;306241;309456;311452;313578;315090;317277;318407;320379;322381;324209;325157;325712;326606;328278;329325;331415
837;43;25;Doubs;5233,64;426458;471082;477163;484770;499162;516158;520133;522685;525276;527770;529103;531062;533320;534710;536959;538549;539067;541454;543974;545209;547096
838;21;10;Aube;6004,16;270325;284823;289300;289207;292099;299704;300840;301327;303298;303327;303997;305606;306581;308094;309056;308910;310020;310020;310242;311435;311329
839;82;38;Isère;7431,49;767678;860339;936771;1016228;1093786;1169491;1178714;1188660;1197038;1206374;1215212;1224993;1235387;1243597;1251060;1252912;1258722;1263563;1271166;1277513;1284948
840;74;19;Corrèze;5856,83;237858;240363;241448;237908;232484;240360;242038;242896;243352;243551;242454;241247;240781;241340;241871;241535;241464;240583;240073;239190;239784
741;72;33;Gironde;10000,14;1009390;1061480;1127546;1213499;1287532;1393753;1409345;1421276;1434661;1449245;1463662;1483712;1505517;1526016;1548478;1566679;1583384;1601845;1623749;1636391;1654970
742;54;17;Charente-Maritime;6863,75;483622;497859;513220;527146;557389;598921;605410;611714;616607;622323;625682;628733;633417;637089;639938;642191;644303;646932;651358;655709;661404
743;25;50;Manche;5938,02;451939;451662;465948;479636;481726;492565;495153;496937;497762;498747;499531;499340;499919;499958;499287;498362;496883;495983;495045;495093;495508
744;22;02;Aisne;7369,12;526029;533862;533970;537259;535313;537059;537820;538790;539870;540508;541302;540888;540067;539783;538659;536136;534490;533316;531345;529374;527468
745;91;30;Gard;5852,77;478544;494575;530478;585049;623058;683172;689847;694323;701883;709700;718357;725618;733201;736029;738189;742006;744178;745458;748437;751457;756543
746;83;43;Haute-Loire;4977,14;208337;205491;205895;206568;209047;219489;220437;221834;223122;224006;224907;225686;226203;226565;227034;227339;227283;227552;227570;227489;227284
747;72;47;Lot-et-Garonne;5360,91;290592;292616;298522;305989;305396;322283;324170;326399;329697;331123;330866;332119;333180;333234;333417;332833;332842;331970;331271;330844;331229
748;11;95;Val-d'Oise;1245,91;693269;840885;920598;1049598;1105224;1157054;1160721;1165397;1168892;1171161;1180365;1187081;1194681;1205539;1215390;1221923;1228618;1238581;1249674;1251804;1256607
749;54;16;Charente;5955,99;331016;337064;340770;341993;339544;347040;349535;351581;351563;351577;352705;353657;353482;353853;353613;353288;352335;351778;352015;351718;350867
750;74;87;Haute-Vienne;5520,13;341589;352149;355737;353593;353826;367155;371102;373940;374849;376191;376058;375869;375856;376199;375795;374978;374426;373199;372359;372123;371691
751;82;73;Savoie;6028,25;288921;305118;323675;348261;373350;403094;405535;408842;411007;414959;418949;421105;423715;426924;428204;429681;431174;433724;436434;439750;442468
752;54;86;Vienne;6990,44;340256;357366;371428;380005;399130;418453;421891;424354;426066;427193;428447;430018;431248;433203;434887;436069;436876;437586;438435;439332;439385
753;93;06;Alpes-Maritimes;4298,58;722070;816681;881198;971829;1011866;1073187;1082465;1084428;1079100;1078729;1081244;1082014;1080771;1083312;1082440;1083704;1083310;1086219;1094283;1097410;1103941
754;01;971;Guadeloupe;1628,4;305312;315848;317269;353431;386256;400736;400584;401784;401554;403355;404635;403314;402119;400186;397990;394110;390253;387629;384239;383559;384315
755;31;59;Nord;5738,33;2418847;2511478;2520526;2531855;2554449;2565258;2564950;2564959;2571940;2576770;2579208;2587128;2595536;2603472;2605238;2603723;2604361;2606234;2608346;2607746;2611293
756;53;56;Morbihan;6822,64;540474;563588;590889;619838;644095;694818;702487;710034;716182;721657;727083;732372;737778;741051;744813;747548;750863;754867;759684;764161;768687
757;43;70;Haute-Saône;5360,08;214396;222254;231962;229650;229786;235864;237197;238548;239194;239548;239695;239750;238956;238347;237706;237242;236659;236018;235313;234601;234296
758;23;76;Seine-Maritime;6277,57;1113977;1172743;1193108;1223429;1239176;1243830;1244611;1248580;1250120;1250411;1251282;1253931;1254609;1257920;1257699;1255755;1254378;1255883;1255633;1254739;1255918
759;52;44;Loire-Atlantique;6815,38;861452;934499;995498;1052183;1134493;1234089;1246798;1255871;1266358;1282052;1296364;1313321;1328620;1346592;1365227;1380852;1394909;1412502;1429272;1445171;1457806
760;03;973;Guyane;83533,9;44392;55125;73022;114678;156790;205954;213031;219266;224469;229040;237549;239648;244118;252338;259865;269352;268700;276128;281678;285133;286618
761;91;11;Aude;6138,98;278323;272366;280686;298712;309952;341024;345779;349237;353980;356467;359967;362339;364877;365478;366957;368025;370260;372806;374070;375217;376028
762;11;75;Paris;105,4;2590771;2299830;2176243;2152423;2125851;2181374;2193030;2211297;2234105;2243833;2249975;2240621;2229621;2220445;2206488;2190327;2187526;2175601;2165423;2145906;2133111
763;53;22;Côtes-d'Armor;6877,55;506102;525556;538869;538395;542580;570864;576049;581570;587519;591641;594375;595531;597085;597397;598357;598953;598814;599584;600582;603640;605917
764;21;08;Ardennes;5229,41;309380;309306;302338;296357;290124;285645;284749;284197;283296;283250;283110;282778;280907;279715;277752;275371;273579;271845;270582;269701;268859
765;26;21;Côte-d'Or;8763,21;421192;456070;473548;493866;507009;517168;519143;521608;524144;524358;525931;527403;529761;531380;533147;533213;533819;533220;534124;535078;535503
766;41;57;Moselle;6216,27;971314;1006373;1007189;1011302;1023199;1036780;1039023;1042230;1044898;1045066;1045146;1046468;1046873;1045154;1044486;1045271;1043522;1043524;1046543;1049155;1049942
767;74;23;Creuse;5565,38;156876;146214;139968;131349;124482;123395;123861;123907;123584;123029;122560;121517;120872;120581;120365;119502;118638;117503;116617;115995;115702
768;52;72;Sarthe;6205,99;461839;490385;504768;513654;529895;553482;556946;559587;561050;563518;565718;567382;569035;568760;568445;567561;566506;565963;566412;566993;566058
769;04;974;Réunion;2503,72;416525;476675;515814;597823;706180;781962;794107;808250;816364;821136;828581;833944;835103;842767;850727;852924;853659;855961;861210;863083;871157
770;11;94;Val-de-Marne;245,03;1121319;1215713;1193655;1215538;1226961;1298341;1302889;1310876;1318537;1327732;1333702;1341831;1354005;1365039;1372389;1378151;1387926;1396913;1407124;1407972;1415367
771;91;66;Pyrénées-Orientales;4116,02;281976;299506;334557;363796;392930;432116;437157;441387;445890;448543;452530;457793;462705;466327;471038;474369;474452;476357;479979;482765;487307
772;53;35;Ille-et-Vilaine;6774,72;652722;702199;749764;798718;867818;945850;955846;967588;977449;988140;996439;1007901;1019923;1032240;1042884;1051779;1060199;1069228;1079498;1088855;1098325
773;41;88;Vosges;5873,78;388201;397957;395769;386258;381008;379975;380304;380145;380192;379724;378830;377282;375226;373560;372016;369641;367673;366112;364499;362397;360673
774;93;83;Var;5972,54;555926;626093;708331;815449;898001;985098;995934;1001408;1007303;1008183;1012735;1021669;1028583;1038212;1048652;1055821;1058740;1067697;1076711;1085189;1095337
775;73;81;Tarn;5757,89;332011;338024;339345;342723;343505;365337;369501;371738;374018;375379;377675;378947;381927;384474;386543;386448;387890;388596;389844;391066;393572
776;83;63;Puy-de-Dôme;7969,66;547743;580033;594365;598213;604222;623461;626639;628485;629416;632311;635469;638092;640999;644216;647501;650700;653742;659048;662152;661852;662285
777;41;55;Meuse;6211,44;209372;203799;199983;196223;192261;193701;193962;194218;194003;193923;193557;192800;192094;191530;190626;189055;187187;185355;184083;183001;181919
778;93;04;Alpes-de-Haute-Provence;6925,22;104813;112178;119068;130883;139683;154501;156067;157965;159450;160149;160959;161241;161916;161588;161799;162565;163915;164068;164308;165451;166077
779;43;39;Jura;4999,18;233441;238856;242925;248759;250925;257401;258897;260740;261277;261534;261294;260932;260502;260681;260587;260517;260188;259746;259199;258798;258555
780;42;67;Bas-Rhin;4755,03;827367;882121;915676;953053;1026023;1079013;1084840;1091015;1094439;1095905;1099269;1104667;1109460;1112815;1116658;1121407;1125559;1133552;1140057;1148073;1152662
797;42;68;Haut-Rhin;3525,17;585018;635209;650372;671319;707709;736475;742408;746072;748614;749782;753056;755202;758723;760134;762607;762743;764030;764981;767086;767842;767083
798;73;46;Lot;5216,53;151198;150778;154533;155816;160034;169533;171173;172796;173562;174578;174754;174346;173758;173648;173400;173347;173828;173929;174094;174670;174942
799;94;2A;Corse-du-Sud;4014,22;89566;100278;108604;118808;118558;135718;139362;140953;141330;143600;145846;145429;149234;151652;152730;154303;157249;157853;158507;160814;162942
800;93;84;Vaucluse;3567,26;353966;390446;427343;467075;499665;534291;538141;538902;540065;543105;546630;546314;549949;554374;557548;559014;559479;559793;561469;561941;564566
801;24;28;Eure-et-Loir;5879,95;302064;335151;362813;396073;407747;421113;422411;423559;425502;428933;430416;432107;432967;433762;434035;433929;433233;431997;431575;431443;431277
802;73;65;Hautes-Pyrénées;4464,04;225730;227222;227922;224759;222673;227732;228594;229079;229670;229458;229228;228854;228868;228950;228582;227829;228530;229191;229567;229788;230956
803;73;12;Aveyron;8735,12;281568;278306;278654;270141;263924;273380;274425;275889;277048;276805;275813;276229;277740;278644;279169;278697;279206;279274;279595;279554;279649
804;11;78;Yvelines;2284,43;854382;1082255;1196111;1307150;1353957;1395807;1403957;1406053;1407560;1408765;1413635;1412356;1418484;1421670;1427291;1431808;1438266;1441398;1448207;1449723;1456365
805;53;29;Finistère;6733;768929;804088;828364;838687;852685;882998;885906;890509;893914;897628;899870;901293;903921;905855;907796;908249;909028;911735;915090;917179;921638
806;73;09;Ariège;4889,92;138478;137857;135725;136455;137347;146283;148568;150201;151117;152038;152286;152366;152684;152574;152499;153067;153153;153066;153287;153954;154596
807;11;77;Seine-et-Marne;5915,29;604340;755762;887112;1078166;1193511;1273491;1289524;1303702;1313414;1324865;1338427;1353946;1365200;1377846;1390121;1397665;1403997;1412516;1421197;1428636;1438100
808;22;80;Somme;6170,12;511491;538462;544570;547825;555479;564321;565910;568086;569775;570741;571211;571154;571675;571632;571879;572744;572443;570662;570559;568748;566252
809;73;32;Gers;6256,82;181577;175366;174154;174587;172511;181374;183615;185266;187181;188159;188893;189530;190276;190625;190932;190664;191091;191283;191377;191819;192437
810;73;31;Haute-Garonne;6309,34;690712;777431;824501;925962;1046532;1186338;1202920;1217344;1230820;1243641;1260226;1279349;1298562;1317668;1335103;1348183;1362672;1380672;1400039;1415757;1434367
